{
  "calibrated_at": "2026-04-21T01:34:56",
  "stream": "rtsp://<camera-host>:8080/video/h264",
  "frame_shape": [
    2336,
    1080
  ],
  "sharpness": 381.2345702956638,
  "homography_px_to_m": [
    [
      0.001232056723764896,
      1.9496468355873247e-05,
      -1.4352219880055683
    ],
    [
      3.742804328456221e-05,
      -0.0012277110811508155,
      0.616370810895923
    ],
    [
      2.917009062350531e-06,
      1.8539570182709332e-05,
      1.0
    ]
  ],
  "correspondences": 62,
  "inliers": 62,
  "reproj_error_p50_mm": 8.431166258697171,
  "reproj_error_p95_mm": 21.44817715169576,
  "bootstrap_origin_px": [
    1160,
    539
  ],
  "bootstrap_px_per_m": 830.0,
  "bootstrap_tilt_deg": 0.87
}